{
  "properties": {
    "connectionReferences": {
      "shared_commondataserviceforapps": {
        "runtimeSource": "embedded",
        "connection": {
          "connectionReferenceLogicalName": "tfl_sharedcommondataserviceforapps_ab95a"
        },
        "api": {
          "name": "shared_commondataserviceforapps"
        }
      }
    },
    "definition": {
      "$schema": "https://schema.management.azure.com/providers/Microsoft.Logic/schemas/2016-06-01/workflowdefinition.json#",
      "contentVersion": "1.0.0.0",
      "parameters": {
        "$connections": {
          "defaultValue": {},
          "type": "Object"
        },
        "$authentication": {
          "defaultValue": {},
          "type": "SecureObject"
        }
      },
      "triggers": {
        "When_a_task_is_created": {
          "metadata": {
            "operationMetadataId": "85b5a242-8dc7-40cd-a955-959f2c25f57f"
          },
          "type": "OpenApiConnectionWebhook",
          "inputs": {
            "host": {
              "connectionName": "shared_commondataserviceforapps",
              "operationId": "SubscribeWebhookTrigger",
              "apiId": "/providers/Microsoft.PowerApps/apis/shared_commondataserviceforapps"
            },
            "parameters": {
              "subscriptionRequest/message": 1,
              "subscriptionRequest/entityname": "task",
              "subscriptionRequest/scope": 4
            },
            "authentication": "@parameters('$authentication')"
          }
        }
      },
      "actions": {
        "Is_Follow_Up_Task": {
          "actions": {
            "Get_a_row_by_ID": {
              "runAfter": {},
              "metadata": {
                "operationMetadataId": "d019a408-6f1c-402a-8e49-51ea03733081"
              },
              "type": "OpenApiConnection",
              "inputs": {
                "host": {
                  "connectionName": "shared_commondataserviceforapps",
                  "operationId": "GetItem",
                  "apiId": "/providers/Microsoft.PowerApps/apis/shared_commondataserviceforapps"
                },
                "parameters": {
                  "entityName": "incidents",
                  "recordId": "@triggerOutputs()?['body/_regardingobjectid_value']",
                  "$select": "tfl_isconfidential"
                },
                "authentication": "@parameters('$authentication')"
              }
            },
            "Is_Classified_as_Confidential": {
              "actions": {
                "Assign_to_Confidential_Case_Team": {
                  "runAfter": {},
                  "metadata": {
                    "operationMetadataId": "b2e1275f-fe94-4ce0-9638-9be59edd2ce1"
                  },
                  "type": "OpenApiConnection",
                  "inputs": {
                    "host": {
                      "connectionName": "shared_commondataserviceforapps",
                      "operationId": "UpdateRecord",
                      "apiId": "/providers/Microsoft.PowerApps/apis/shared_commondataserviceforapps"
                    },
                    "parameters": {
                      "entityName": "tasks",
                      "recordId": "@triggerOutputs()?['body/activityid']",
                      "item/ownerid_task@odata.bind": "/teams(@{first(body('Get_Confidential_Case_Team')?['value'])?['teamid']})"
                    },
                    "authentication": "@parameters('$authentication')"
                  }
                },
                "Perform_an_unbound_action_2": {
                  "runAfter": {
                    "Assign_to_Confidential_Case_Team": [
                      "Succeeded"
                    ]
                  },
                  "metadata": {
                    "operationMetadataId": "bd7e7e88-ad41-46b0-82e7-5b76e91b89a1"
                  },
                  "type": "OpenApiConnection",
                  "inputs": {
                    "host": {
                      "connectionName": "shared_commondataserviceforapps",
                      "operationId": "PerformUnboundAction",
                      "apiId": "/providers/Microsoft.PowerApps/apis/shared_commondataserviceforapps"
                    },
                    "parameters": {
                      "actionName": "GrantAccess",
                      "item/Target": "/incidents(@{triggerOutputs()?['body/_regardingobjectid_value']})",
                      "item/PrincipalAccess": {
                        "Principal": {
                          "teamid": "@{first(body('Get_Confidential_Case_Team')?['value'])?['teamid']}",
                          "@@odata.type": "Microsoft.Dynamics.CRM.team"
                        },
                        "AccessMask": "ReadAccess"
                      }
                    },
                    "authentication": "@parameters('$authentication')"
                  }
                }
              },
              "runAfter": {
                "Get_a_row_by_ID": [
                  "Succeeded"
                ]
              },
              "else": {
                "actions": {
                  "Assign_to_Escalation_Team": {
                    "runAfter": {},
                    "metadata": {
                      "operationMetadataId": "ce2629fc-e1a3-4f87-a381-fc0dda919301"
                    },
                    "type": "OpenApiConnection",
                    "inputs": {
                      "host": {
                        "connectionName": "shared_commondataserviceforapps",
                        "operationId": "UpdateRecord",
                        "apiId": "/providers/Microsoft.PowerApps/apis/shared_commondataserviceforapps"
                      },
                      "parameters": {
                        "entityName": "tasks",
                        "recordId": "@triggerOutputs()?['body/activityid']",
                        "item/ownerid_task@odata.bind": "/teams(@{first(body('Get_Escalation_Team')?['value'])?['teamid']})"
                      },
                      "authentication": "@parameters('$authentication')"
                    }
                  },
                  "Perform_an_unbound_action": {
                    "runAfter": {
                      "Assign_to_Escalation_Team": [
                        "Succeeded"
                      ]
                    },
                    "metadata": {
                      "operationMetadataId": "f63b2bcb-7c6f-48ac-a56e-f71eb879c5eb"
                    },
                    "type": "OpenApiConnection",
                    "inputs": {
                      "host": {
                        "connectionName": "shared_commondataserviceforapps",
                        "operationId": "PerformUnboundAction",
                        "apiId": "/providers/Microsoft.PowerApps/apis/shared_commondataserviceforapps"
                      },
                      "parameters": {
                        "actionName": "GrantAccess",
                        "item/Target": "/incidents(@{triggerOutputs()?['body/_regardingobjectid_value']})",
                        "item/PrincipalAccess": {
                          "Principal": {
                            "teamid": "@{first(body('Get_Escalation_Team')?['value'])?['teamid']}",
                            "@@odata.type": "Microsoft.Dynamics.CRM.team"
                          },
                          "AccessMask": "ReadAccess"
                        }
                      },
                      "authentication": "@parameters('$authentication')"
                    }
                  }
                }
              },
              "expression": {
                "equals": [
                  "@outputs('Get_a_row_by_ID')?['body/tfl_isconfidential']",
                  "@true"
                ]
              },
              "metadata": {
                "operationMetadataId": "f1ddc3b3-d878-4c06-8e67-ad809a5a2f3e"
              },
              "type": "If"
            }
          },
          "runAfter": {
            "Get_Confidential_Case_Team": [
              "Succeeded"
            ]
          },
          "expression": {
            "equals": [
              "@triggerOutputs()?['body/tfl_isfollowup']",
              "@true"
            ]
          },
          "metadata": {
            "operationMetadataId": "b2dff4d8-db32-41c7-8e2b-ad9cf0611da1"
          },
          "type": "If"
        },
        "Get_Escalation_Team": {
          "runAfter": {},
          "metadata": {
            "operationMetadataId": "84d6b3c8-cff7-473b-bf32-6ec1dd13759a"
          },
          "type": "OpenApiConnection",
          "inputs": {
            "host": {
              "connectionName": "shared_commondataserviceforapps",
              "operationId": "ListRecords",
              "apiId": "/providers/Microsoft.PowerApps/apis/shared_commondataserviceforapps"
            },
            "parameters": {
              "entityName": "teams",
              "$select": "teamid",
              "fetchXml": "<fetch version=\"1.0\" output-format=\"xml-platform\" mapping=\"logical\" distinct=\"false\">\n  <entity name=\"team\">\n    <attribute name=\"name\" />\n    <attribute name=\"businessunitid\" />\n    <attribute name=\"teamid\" />\n    <attribute name=\"teamtype\" />\n    <order attribute=\"name\" descending=\"false\" />\n    <filter type=\"and\">\n      <condition attribute=\"businessunitid\" operator=\"eq\" value=\"@{triggerOutputs()?['body/_owningbusinessunit_value']}\" />\n      <condition attribute=\"name\" operator=\"like\" value=\"%Escalation Team%\" />\n    </filter>\n  </entity>\n</fetch>"
            },
            "authentication": "@parameters('$authentication')"
          }
        },
        "Get_Confidential_Case_Team": {
          "runAfter": {
            "Get_Escalation_Team": [
              "Succeeded"
            ]
          },
          "metadata": {
            "operationMetadataId": "6720d2eb-745f-408e-8555-a8be232d7a4f"
          },
          "type": "OpenApiConnection",
          "inputs": {
            "host": {
              "connectionName": "shared_commondataserviceforapps",
              "operationId": "ListRecords",
              "apiId": "/providers/Microsoft.PowerApps/apis/shared_commondataserviceforapps"
            },
            "parameters": {
              "entityName": "teams",
              "$select": "teamid",
              "fetchXml": "<fetch version=\"1.0\" output-format=\"xml-platform\" mapping=\"logical\" distinct=\"false\">\n  <entity name=\"team\">\n    <attribute name=\"name\" />\n    <attribute name=\"businessunitid\" />\n    <attribute name=\"teamid\" />\n    <attribute name=\"teamtype\" />\n    <order attribute=\"name\" descending=\"false\" />\n    <filter type=\"and\">\n      <condition attribute=\"businessunitid\" operator=\"eq\" value=\"@{triggerOutputs()?['body/_owningbusinessunit_value']}\" />\n      <condition attribute=\"name\" operator=\"like\" value=\"%Confidential Case Team%\" />\n    </filter>\n  </entity>\n</fetch>"
            },
            "authentication": "@parameters('$authentication')"
          }
        }
      }
    },
    "templateName": ""
  },
  "schemaVersion": "1.0.0.0"
}