{
  "properties": {
    "connectionReferences": {
      "shared_commondataserviceforapps": {
        "runtimeSource": "embedded",
        "connection": {
          "connectionReferenceLogicalName": "tfl_sharedcommondataserviceforapps_ab95a"
        },
        "api": {
          "name": "shared_commondataserviceforapps"
        }
      }
    },
    "definition": {
      "$schema": "https://schema.management.azure.com/providers/Microsoft.Logic/schemas/2016-06-01/workflowdefinition.json#",
      "contentVersion": "1.0.0.0",
      "parameters": {
        "$connections": {
          "defaultValue": {},
          "type": "Object"
        },
        "$authentication": {
          "defaultValue": {},
          "type": "SecureObject"
        }
      },
      "triggers": {
        "manual": {
          "metadata": {
            "operationMetadataId": "9ce6c359-87f8-4a27-ac49-56a7f8b4f791"
          },
          "type": "Request",
          "kind": "PowerApp",
          "inputs": {
            "schema": {
              "type": "object",
              "properties": {},
              "required": []
            }
          }
        }
      },
      "actions": {
        "CaseId": {
          "runAfter": {},
          "metadata": {
            "operationMetadataId": "e64754d7-b407-456b-85c2-c54e58d9999c"
          },
          "type": "InitializeVariable",
          "inputs": {
            "variables": [
              {
                "name": "CaseId",
                "type": "string",
                "value": "@{triggerBody()['Initializevariable_Value']}"
              }
            ]
          }
        },
        "Get_Notes": {
          "runAfter": {
            "Get_Case_Record": [
              "Succeeded"
            ]
          },
          "metadata": {
            "operationMetadataId": "bd4ff06b-b68e-41b0-b487-e44ba2533e6e"
          },
          "type": "OpenApiConnection",
          "inputs": {
            "host": {
              "connectionName": "shared_commondataserviceforapps",
              "operationId": "ListRecords",
              "apiId": "/providers/Microsoft.PowerApps/apis/shared_commondataserviceforapps"
            },
            "parameters": {
              "entityName": "annotations",
              "fetchXml": "<fetch>\n  <entity name=\"annotation\">\n    <attribute name=\"filename\" />\n    <attribute name=\"objecttypecode\" />\n    <attribute name=\"subject\" />\n    <attribute name=\"mimetype\" />\n    <attribute name=\"documentbody\" />\n    <attribute name=\"notetext\" />\n    <filter type=\"or\">\n      <condition attribute=\"objectid\" operator=\"eq\" value=\"@{variables('CaseId')}\"/>\n      <condition attribute=\"objectid\" operator=\"eq\" value=\"@{outputs('Get_Case_Record')?['body/_customerid_value']}\"/>\n    </filter>\n    <filter>\n      <condition attribute=\"isdocument\" operator=\"eq\" value=\"1\" />\n    </filter>\n  </entity>\n</fetch>"
            },
            "authentication": {
              "type": "Raw",
              "value": "@json(decodeBase64(triggerOutputs().headers['X-MS-APIM-Tokens']))['$ConnectionKey']"
            }
          }
        },
        "Get_Case_Record": {
          "runAfter": {
            "CaseId": [
              "Succeeded"
            ]
          },
          "metadata": {
            "operationMetadataId": "c72b9dfe-01a7-43b1-93ae-a623153409c3"
          },
          "type": "OpenApiConnection",
          "inputs": {
            "host": {
              "connectionName": "shared_commondataserviceforapps",
              "operationId": "GetItem",
              "apiId": "/providers/Microsoft.PowerApps/apis/shared_commondataserviceforapps"
            },
            "parameters": {
              "entityName": "incidents",
              "recordId": "@variables('CaseId')"
            },
            "authentication": {
              "type": "Raw",
              "value": "@json(decodeBase64(triggerOutputs().headers['X-MS-APIM-Tokens']))['$ConnectionKey']"
            }
          }
        },
        "Apply_to_each": {
          "foreach": "@outputs('Get_Notes')?['body/value']",
          "actions": {
            "Compose": {
              "runAfter": {},
              "metadata": {
                "operationMetadataId": "2d7a8de0-a655-4c3f-8bfc-a38a81996d9c"
              },
              "type": "Compose",
              "inputs": "@{items('Apply_to_each')?['filename']}###@{items('Apply_to_each')?['documentbody']}###@{items('Apply_to_each')?['subject']}### @{items('Apply_to_each')?['notetext']}###@{items('Apply_to_each')?['objecttypecode']}###@{items('Apply_to_each')?['mimetype']}"
            },
            "Append_to_array_variable": {
              "runAfter": {
                "Compose": [
                  "Succeeded"
                ]
              },
              "metadata": {
                "operationMetadataId": "a1cd2c3a-e736-4049-8172-039df5230ff5"
              },
              "type": "AppendToArrayVariable",
              "inputs": {
                "name": "JSON Array",
                "value": "@outputs('Compose')"
              }
            }
          },
          "runAfter": {
            "JSON_Array": [
              "Succeeded"
            ]
          },
          "metadata": {
            "operationMetadataId": "9822964a-abb7-4054-98f9-ea2c6e3333e1"
          },
          "type": "Foreach"
        },
        "JSON_Array": {
          "runAfter": {
            "Get_Notes": [
              "Succeeded"
            ]
          },
          "metadata": {
            "operationMetadataId": "b51f49c7-6652-42cd-a946-9442fd20ea24"
          },
          "type": "InitializeVariable",
          "inputs": {
            "variables": [
              {
                "name": "JSON Array",
                "type": "array"
              }
            ]
          }
        },
        "Respond_to_a_PowerApp_or_flow": {
          "runAfter": {
            "Apply_to_each_4": [
              "Succeeded"
            ]
          },
          "metadata": {
            "operationMetadataId": "4493807f-da04-43d3-bf0d-d90d7e164739"
          },
          "type": "Response",
          "kind": "PowerApp",
          "inputs": {
            "statusCode": 200,
            "body": {
              "output": "@{join(variables('JSON Array'),'###NextRecord###')}"
            },
            "schema": {
              "type": "object",
              "properties": {
                "output": {
                  "title": "OutPut",
                  "x-ms-dynamically-added": true,
                  "type": "string"
                }
              }
            }
          }
        },
        "Get_Case_Activity_Attachment": {
          "runAfter": {
            "Apply_to_each": [
              "Succeeded"
            ]
          },
          "metadata": {
            "operationMetadataId": "d23b3425-e69f-443f-b9b3-0583cf5cdf30"
          },
          "type": "OpenApiConnection",
          "inputs": {
            "host": {
              "connectionName": "shared_commondataserviceforapps",
              "operationId": "ListRecords",
              "apiId": "/providers/Microsoft.PowerApps/apis/shared_commondataserviceforapps"
            },
            "parameters": {
              "entityName": "activitymimeattachments",
              "fetchXml": "<fetch>\n  <entity name=\"activitymimeattachment\">\n    <attribute name=\"filename\" />\n    <attribute name=\"body\" />\n    <attribute name=\"mimetype\" />\n    <link-entity name=\"activitypointer\" from=\"activityid\" to=\"objectid\" alias=\"Activity\">\n      <link-entity name=\"incident\" from=\"incidentid\" to=\"regardingobjectid\" alias=\"Case\">\n        <filter>\n          <condition attribute=\"incidentid\" operator=\"eq\" value=\"@{variables('CaseId')}\"/>\n        </filter>\n      </link-entity>\n    </link-entity>\n  </entity>\n</fetch>"
            },
            "authentication": {
              "type": "Raw",
              "value": "@json(decodeBase64(triggerOutputs().headers['X-MS-APIM-Tokens']))['$ConnectionKey']"
            }
          }
        },
        "Apply_to_each_2": {
          "foreach": "@outputs('Get_Case_Activity_Attachment')?['body/value']",
          "actions": {
            "Compose_2": {
              "runAfter": {},
              "metadata": {
                "operationMetadataId": "37f5121d-d1c1-41e7-b24b-8b6ae2492312"
              },
              "type": "Compose",
              "inputs": "@{items('Apply_to_each_2')?['filename']}###@{items('Apply_to_each_2')?['body']}### ### ###Case Activity###@{items('Apply_to_each_2')?['mimetype']}"
            },
            "Append_to_array_variable_2": {
              "runAfter": {
                "Compose_2": [
                  "Succeeded"
                ]
              },
              "metadata": {
                "operationMetadataId": "cb827d83-a110-4745-92f0-f9da1e3f775c"
              },
              "type": "AppendToArrayVariable",
              "inputs": {
                "name": "JSON Array",
                "value": "@outputs('Compose_2')"
              }
            }
          },
          "runAfter": {
            "Get_Case_Activity_Attachment": [
              "Succeeded"
            ]
          },
          "metadata": {
            "operationMetadataId": "634437be-d7b4-4d98-b575-c448eb60e378"
          },
          "type": "Foreach"
        },
        "Get_Contact_Activity_Attachment": {
          "runAfter": {
            "Apply_to_each_2": [
              "Succeeded"
            ]
          },
          "metadata": {
            "operationMetadataId": "52efe5f7-f28d-4664-a07f-e3faae52a6f3"
          },
          "type": "OpenApiConnection",
          "inputs": {
            "host": {
              "connectionName": "shared_commondataserviceforapps",
              "operationId": "ListRecords",
              "apiId": "/providers/Microsoft.PowerApps/apis/shared_commondataserviceforapps"
            },
            "parameters": {
              "entityName": "activitymimeattachments",
              "fetchXml": "<fetch>\n  <entity name=\"activitymimeattachment\">\n    <attribute name=\"filename\" />\n    <attribute name=\"body\" />\n    <attribute name=\"mimetype\" />\n    <link-entity name=\"activitypointer\" from=\"activityid\" to=\"objectid\" alias=\"Activity\">\n      <link-entity name=\"contact\" from=\"contactid\" to=\"regardingobjectid\" alias=\"Case\">\n        <filter>\n          <condition attribute=\"contactid\" operator=\"eq\" value=\"@{outputs('Get_Case_Record')?['body/_customerid_value']}\" />\n        </filter>\n      </link-entity>\n    </link-entity>\n  </entity>\n</fetch>"
            },
            "authentication": {
              "type": "Raw",
              "value": "@json(decodeBase64(triggerOutputs().headers['X-MS-APIM-Tokens']))['$ConnectionKey']"
            }
          }
        },
        "Apply_to_each_3": {
          "foreach": "@outputs('Get_Contact_Activity_Attachment')?['body/value']",
          "actions": {
            "Compose_3": {
              "runAfter": {},
              "metadata": {
                "operationMetadataId": "a33009ec-a81e-4fff-9ef5-399e9d113f16"
              },
              "type": "Compose",
              "inputs": "@{items('Apply_to_each_3')?['filename']}###@{items('Apply_to_each_3')?['body']}### ### ###Contact Activity###@{items('Apply_to_each_3')?['mimetype']}"
            },
            "Append_to_array_variable_3": {
              "runAfter": {
                "Compose_3": [
                  "Succeeded"
                ]
              },
              "metadata": {
                "operationMetadataId": "080a790f-4fcd-4e9c-bb56-56bb60baddf3"
              },
              "type": "AppendToArrayVariable",
              "inputs": {
                "name": "JSON Array",
                "value": "@outputs('Compose_3')"
              }
            }
          },
          "runAfter": {
            "Get_Contact_Activity_Attachment": [
              "Succeeded"
            ]
          },
          "metadata": {
            "operationMetadataId": "31776471-0f0d-45c8-97bd-af838dce99cd"
          },
          "type": "Foreach"
        },
        "Get_Activity_Notes": {
          "runAfter": {
            "Apply_to_each_3": [
              "Succeeded"
            ]
          },
          "metadata": {
            "operationMetadataId": "4427b5dc-d03d-436a-adba-29d3198a41d8"
          },
          "type": "OpenApiConnection",
          "inputs": {
            "host": {
              "connectionName": "shared_commondataserviceforapps",
              "operationId": "ListRecords",
              "apiId": "/providers/Microsoft.PowerApps/apis/shared_commondataserviceforapps"
            },
            "parameters": {
              "entityName": "annotations",
              "fetchXml": "<fetch>\n  <entity name=\"annotation\">\n    <attribute name=\"filename\" />\n    <attribute name=\"subject\" />\n    <attribute name=\"mimetype\" />\n    <attribute name=\"documentbody\" />\n    <attribute name=\"notetext\" />\n    <attribute name=\"objecttypecode\" />\n    <filter>\n      <condition attribute=\"isdocument\" operator=\"eq\" value=\"1\" />\n    </filter>\n    <link-entity name=\"activitypointer\" from=\"activityid\" to=\"objectid\" alias=\"Activity\">\n      <filter type=\"or\">\n        <condition attribute=\"regardingobjectid\" operator=\"eq\" value=\"@{variables('CaseId')}\"/>        \n<condition attribute=\"regardingobjectid\" operator=\"eq\"  value=\"@{outputs('Get_Case_Record')?['body/_customerid_value']}\"/>\n      </filter>\n    </link-entity>\n  </entity>\n</fetch>"
            },
            "authentication": {
              "type": "Raw",
              "value": "@json(decodeBase64(triggerOutputs().headers['X-MS-APIM-Tokens']))['$ConnectionKey']"
            }
          }
        },
        "Apply_to_each_4": {
          "foreach": "@outputs('Get_Activity_Notes')?['body/value']",
          "actions": {
            "Compose_4": {
              "runAfter": {},
              "metadata": {
                "operationMetadataId": "483c3637-1c47-4aef-a1eb-452e4ad79180"
              },
              "type": "Compose",
              "inputs": "@{items('Apply_to_each_4')?['filename']}###@{items('Apply_to_each_4')?['documentbody']}###@{items('Apply_to_each_4')?['subject']}###@{items('Apply_to_each_4')?['notetext']}###@{items('Apply_to_each_4')?['objecttypecode']}###@{items('Apply_to_each_4')?['mimetype']}"
            },
            "Append_to_array_variable_4": {
              "runAfter": {
                "Compose_4": [
                  "Succeeded"
                ]
              },
              "metadata": {
                "operationMetadataId": "4c28c2c8-f90b-4433-8590-d0d0dcb15b8b"
              },
              "type": "AppendToArrayVariable",
              "inputs": {
                "name": "JSON Array",
                "value": "@outputs('Compose_4')"
              }
            }
          },
          "runAfter": {
            "Get_Activity_Notes": [
              "Succeeded"
            ]
          },
          "metadata": {
            "operationMetadataId": "054e2cbe-5b8e-46a0-8e77-4c58bdb78958"
          },
          "type": "Foreach"
        }
      }
    },
    "templateName": ""
  },
  "schemaVersion": "1.0.0.0"
}